Country,Abbreviation,Capital,North,South,East,West,Continent,Region,Language(s),Area,Elevation,Population,Population_density,Currency_name,Currency_code,National_symbol,Symbol_name,National_dish,Average_temperature,Measurement
�_�o Tom�� and Pr��__ncipe,,,1.701323,0.024766,7.466374,6.47017,,,,,,,,,,,,,23.75,celsius
Afghanistan,AF,Kabul,38.483418,29.377472,74.879448,60.478443,Asia,Southern and Central Asia,"Balochi,Dari,Pashto,Turkmenian,Uzbek",652090,,22720000,46.8,Afghanistan Afghani,AFN,,,Kabuli Palaw,12.6,celsius
Albania,AL,Tirana,42.665611,39.648361,21.068472,19.293972,Europe,Southern Europe,"Albaniana,Greek,Macedonian",28748,,3401200,101.23,Albanian Lek,ALL,,,Tav��_��_ kosi,11.4,celsius
Algeria,DZ,Alger,37.093723,18.960028,11.979548,-8.673868,Africa,Northern Africa,"Arabic,Berberi",2381741,800m,31471000,16.46,Algerian Dinar,DZD,,,Couscous ,22.5,celsius
American Samoa,AS,Fagatogo,-11.0497,-14.382478,-169.416077,-171.091888,Oceania,Polynesia,"English,Samoan,Tongan",199,,68000,275.83,US Dollar,USD,,,,,
Andalusia,,,,,,,,,,,,,,,,,,Gazpacho,,
Andorra,AD,Andorra la Vella,42.6560439,42.4284926,1.786542778,1.407186714,Europe,Southern Europe,"Catalan,French,Portuguese,Spanish",468,"1,996m",78000,168.55,Euro,EUR,,,,7.6,celsius
Angola,AO,Luanda,-4.376826,-18.042076,24.082119,11.679219,Africa,Central Africa,"Ambo,Chokwe,Kongo,Luchazi,Luimbe-nganguela,Luvale,Mbundu,Nyaneka-nkhumbi,Ovimbundu",1246700,"1,112m",12878000,17.22,Angolan Kwanza,AOA,,,Moamba de galinha ,21.55,celsius
Anguilla,AI,The Valley,18.283424,18.166815,-62.971359,-63.172901,North America,Caribbean,English,96,,8000,,East Caribbean Dollar,XCD,,,,,
Antarctica,AQ,,-60.515533,-89.9999,179.9999,-179.9999,Antarctica,Antarctica,,13120000,"2,300m",,,East Caribbean Dollar,XCD,,,,,
Antigua and Barbuda,AG,Saint John's,17.729387,16.996979,-61.672421,-61.906425,North America,Caribbean,"Creole English,English",442,,68000,204.51,East Caribbean Dollar,XCD,,,"Pepperpot, Fungee",26,celsius
Argentina,AR,Buenos Aires,-21.781277,-55.061314,-53.591835,-73.58297,South America,South America,"Indian Languages,Italian,Spanish",2780400,595m,37032000,15.14,Argentine Peso,ARS,,,Asado,14.8,celsius
Armenia,AM,Yerevan,41.301834,38.830528,46.77243505,43.44978,Asia,Middle East,"Armenian,Azerbaijani",29800,"1,792m",3520000,104.55,Armenian Dram,AMD,,,"Harissa, Dolma, Khorovats",7.15,celsius
Aruba,AW,Oranjestad,12.62371813,12.41170771,-69.8657512,-70.06447372,North America,Caribbean,"Dutch,English,Papiamento,Spanish",193,,103000,571.73,Aruban Guilder,AWG,,,Keshi yena,,
Asturias,,,,,,,,,,,,,,,,,,Fabada asturiana,,
Australia,AU,Canberra,-10.062805,-43.64397,153.639252,112.911057,Oceania,Australia and New Zealand,"Arabic,Canton Chinese,English,German,Greek,Italian,Serbo-Croatian,Vietnamese",7741220,330m,23840314,3.01,Australian Dollar,AUD,animal,Kangaroo,"Meat pie,Roast lamb ",21.65,celsius
Austria,AT,Wien,49.02116277,46.37265202,17.16206857,9.530952372,Europe,Western Europe,"Czech,German,Hungarian,Polish,Romanian,Serbo-Croatian,Slovene,Turkish",83859,910m,8091800,102.83,Euro,EUR,,,"Wiener schnitzel, Tafelspitz",6.35,celsius
Azerbaijan,AZ,Baku,41.90564,38.38915253,50.370083,44.774113,Asia,Middle East,"Armenian,Azerbaijani,Lezgian,Russian",86600,384m,7734000,113.92,Azerbaijan New Manat,AZN,,,Dolma,11.95,celsius
Bahamas,BS,Nassau,26.919243,22.852743,-74.423874,-78.995911,North America,Caribbean,"Creole English,Creole French",13878,,307000,,Bahamian Dollar,BSD,,,Crack conch with peas and rice ,24.85,celsius
"Bahamas, The",,,,,,,,,,,,,37.7,,,,,,,
Bahrain,BH,al-Manama,26.282583,25.796862,50.664471,50.45414,Asia,Middle East,"Arabic,English",694,,617000,"1,752.86",Bahraini Dinar,BHD,,,Machboos,27.15,celsius
Bangladesh,BD,Dhaka,26.631945,20.743334,92.673668,88.028336,Asia,Southern and Central Asia,"Bengali,Chakma,Garo,Khasi,Marma,Santhali,Tripuri",143998,85m,129155000,"1,203.00",Bangladeshi Taka,BDT,Flower,Water Lily,"Rice, Fish, Chicken Korma",25,celsius
Barbados,BB,Bridgetown,13.327257,13.039844,-59.420376,-59.648922,North America,Caribbean,"Bajan,English",430,,270000,661.96,Barbados Dollar,BBD,Other,Head of a Trident,Cou-Cou and Flying Fish ,26,celsius
Basque Country,,,,,,,,,,,,,,,,,,"Marmitako, Chistorras",,
Belarus,BY,Minsk,56.165806,51.256416,32.770805,23.176889,Europe,Eastern Europe,"Belorussian,Polish,Russian,Ukrainian",207600,160m,10236000,46.65,Belarussian Ruble,BYR,,,Draniki,6.15,celsius
Belgium,BE,Bruxelles [Brussel],51.505444,49.49361,6.403861,2.546944,Europe,Western Europe,"Arabic,Dutch,French,German,Italian,Turkish",30518,181m,10239000,369.72,Euro,EUR,animal,Lion,Moules-frites,9.55,celsius
Belize,BZ,Belmopan,18.496557,15.8893,-87.776985,-89.224815,North America,Central America,"English,Garifuna,Maya Languages,Spanish",22696,173m,241000,14.55,Belize Dollar,BZD,,,Boil up,25.3,celsius
Benin,BJ,Porto-Novo,12.418347,6.225748,3.851701,0.774575,Africa,Western Africa,"Adja,Aizo,Bariba,Fon,Ful,Joruba,Somba",112622,273m,6097000,91.55,CFA Franc BCEAO,XOF,,,,27.55,celsius
Bermuda,BM,Hamilton,32.393833,32.246639,-64.651993,-64.89605,North America,North America,English,53,,65000,"1,300.48",Bermudian Dollar,BMD,,,Bermuda fish chowder,,
Bhutan,BT,Thimphu,28.323778,26.70764,92.125191,88.75972,Asia,Southern and Central Asia,"Asami,Dzongkha,Nepali",47000,"3,280m",2124000,19.78,Bhutan Ngultrum,BTN,,,Ema datshi,7.4,celsius
Bolivia,BO,La Paz,-9.680567,-22.896133,-57.458096,-69.640762,South America,South America,"Aimar��_��__��_��__,Guaran��_��___,Ket��_��___ua,Spanish",1098581,"1,192m",8329000,9.85,Boliviano,BOB,,,Salte��as,21.55,celsius
Bonaire,,,12.304535,12.017149,-68.192307,-68.416458,,,,,,,,,,,,,,
Bosnia and Herzegovina,BA,Sarajevo,45.239193,42.546112,19.622223,15.718945,Europe,Southern Europe,Serbo-Croatian,51197,500m,3972000,75.08,,,,,Bosnian pot,9.85,celsius
Bosnia-Herzegovina,,,,,,,,,,,,,,Marka,BAM,,,,,
Botswana,BW,Gaborone,-17.780813,-26.907246,29.360781,19.999535,Africa,Southern Africa,"Khoekhoe,Ndebele,San,Shona,Tswana",581730,"1,013m",1622000,3.57,Botswana Pula,BWP,,,Seswaa,21.5,celsius
Bouvet Island,BV,,-54.400322,-54.462383,3.487976,3.335499,Antarctica,Antarctica,,59,,,,Norwegian Krone,NOK,,,,,
Brazil,BR,Bras��__lia,5.264877,-33.750706,-32.392998,-73.985535,South America,South America,"German,Indian Languages,Italian,Japanese,Portuguese",8547403,320m,170115000,23.97,Brazilian Real,BRL,,,Feijoada,24.95,celsius
British Indian Ocean Territory,IO,,-5.268333,-7.438028,72.493164,71.259972,Africa,Eastern Africa,,78,,,,US Dollar,USD,,,,,
British Virgin Islands,VG,,18.757221,18.3837109,-64.268768,-64.71312753,North America,Caribbean,,151,,21000,,,,,,,,
Brunei,BN,Bandar Seri Begawan,5.047167,4.003083,115.359444,114.071442,Asia,Southeast Asia,"Chinese,English,Malay,Malay-English",5765,478m,328000,,,,,,Ambuyat,26.85,celsius
Brunei Darussalam,,,,,,,,,,,,,79.28,Brunei Dollar,BND,,,,,
Bulgaria,BG,Sofia,44.21764,41.242084,28.612167,22.371166,Europe,Eastern Europe,"Bulgariana,Macedonian,Romani,Turkish",110994,472m,8190900,66.92,Bulgarian Lev,BGN,,,"Banitsa, Bob chorba",10.55,celsius
Burkina Faso,BF,Ouagadougou,15.082593,9.401108,2.405395,-5.518916,Africa,Western Africa,"Busansi,Dagara,Dyula,Ful,Gurma,Mossi",274000,297m,11937000,61.9,CFA Franc BCEAO,XOF,,,,28.25,celsius
Burma,,,,,,,,,,,702m,,,,,,,Mohinga,,
Burundi,BI,Bujumbura,-2.310123,-4.465713,30.847729,28.993061,Africa,Eastern Africa,"French,Kirundi,Swahili",27834,"1,504m",6695000,395.74,Burundi Franc,BIF,,,,19.8,celsius
Cabo Verde,,,,,,,,,,,,,123.8,,,,,,,
Cambodia,KH,Phnom Penh,14.686417,10.409083,107.627724,102.339996,Asia,Southeast Asia,"Chinese,Khmer,T��_��___am,Vietnamese",181035,126m,11168000,85.74,Kampuchean Riel,KHR,,,Amok trey,26.8,celsius
Cameroon,CM,Yaound,13.078056,1.652548,16.192116,8.494763,Africa,Central Africa,"Bamileke-bamum,Duala,Fang,Ful,Maka,Mandara,Masana,Tikar",475442,667m,15085000,47.08,CFA Franc BEAC,XAF,,,Ndol��,24.6,celsius
Canada,CA,Ottawa,83.110626,41.67598,-52.636291,-141,North America,North America,"Chinese,Dutch,English,Eskimo Languages,French,German,Italian,Polish,Portuguese,Punjabi,Spanish,Ukrainian",9970610,487m,31147000,3.87,Canadian Dollar,CAD,Flower,White Lily,Kraft Dinner,-5.35,celsius
Canary Islands,,,,,,,,,,,,,,,,,,"Ropa vieja, Papas arrugadas",,
Cape Verde,CV,Praia,17.197178,14.808022,-22.669443,-25.358747,Africa,Western Africa,"Crioulo,Portuguese",4033,,428000,,Cape Verde Escudo,CVE,,,Cachupa,23.3,celsius
Cayman Islands,KY,George Town,19.7617,19.263029,-79.727272,-81.432777,North America,Caribbean,English,264,,38000,243.48,Cayman Islands Dollar,KYD,,,,,
Central African Republic,CF,Bangui,11.007569,2.220514,27.463421,14.420097,Africa,Central Africa,"Banda,Gbaya,Mandjia,Mbum,Ngbaka,Sara",622984,635m,3615000,7.41,CFA Franc BEAC,XAF,,,,24.9,celsius
Chad,TD,N'Djam,23.450369,7.441068,24.002661,13.473475,Africa,Central Africa,"Arabic,Gorane,Hadjarai,Kanem-bornu,Mayo-kebbi,Ouaddai,Sara,Tandjile",1284000,543m,7651000,10.19,,,,,,26.55,celsius
Channel Islands,,,,,,,,,,,,,852.73,,,,,,,
Chile,CL,Santiago de Chile,-17.507553,-55.92562251,-66.417557,-80.785851,South America,South America,"Aimar��_��__��_��__,Araucan,Rapa nui,Spanish",756626,"1,871m",15211000,23.7,Chilean Peso,CLP,Other,Candor & Huemul,Empanada,8.45,celsius
China,CN,Peking,53.56086,15.775416,134.773911,73.557693,Asia,Eastern Asia,"Chinese,Dong,Hui,Mant��_��___u,Miao,Mongolian,Puyi,Tibetan,Tujia,Uighur,Yi,Zhuang",9572900,"1,840m",1277558000,144.58,Yuan Renminbi,CNY,,,Peking Duck,6.95,celsius
Christmas Island,CX,Flying Fish Cove,-10.41235601,-10.570483,105.712597,105.533277,Oceania,Australia and New Zealand,"Chinese,English",135,,2500,,Australian Dollar,AUD,,,,,
Cocos (Keeling) Islands,CC,West Island,,,,,Oceania,Australia and New Zealand,"English,Malay",14,,600,, Australian Dollar,AUD,,,,,
Cocos [Keeling] Islands,,,-12.07245909,-12.20872584,96.92948934,96.81694141,,,,,,,,,,,,,,
Colombia,CO,Santaf,13.380502,-4.225869,-66.869835,-81.728111,South America,South America,"Arawakan,Caribbean,Chibcha,Creole English,Spanish",1138914,593m,42321000,43.55,Colombian Peso,COP,,,"Ajiaco, Bandeja paisa",24.5,celsius
Comoros,KM,Moroni,-11.362381,-12.387857,44.538223,43.21579,Africa,Eastern Africa,"Comorian,Comorian-Arabic,Comorian-French,Comorian-madagassi,Comorian-Swahili",1862,,578000,394.9,Comoros Franc,KMF,,,,25.55,celsius
Congo,CG,Brazzaville,,,,,Africa,Central Africa,"Kongo,Mbete,Mboshi,Punu,Sango,Teke",342000,430m,2943000,,CFA Franc BEAC,XAF,,,,,
"Congo, Dem. Rep.",,,,,,,,,,,,,29.78,,,,,,,
"Congo, Dem. Republic",,,,,,,,,,,,,, Francs,CDF,,,,,
"Congo, Rep.",,,,,,,,,,,,,13.02,,,,,,,
"Congo, The Democratic Republic of the",CD,Kinshasa,,,,,Africa,Central Africa,"Boa,Chokwe,Kongo,Luba,Mongo,Ngala and Bangi,Rundi,Rwanda,Teke,Zande",,,,,,,,,,,
CongoDR,,,,,,,,,,,726m,,,,,,,,,
Cook Islands,CK,Avarua,-10.023114,-21.944164,-157.312134,-161.093658,Oceania,Polynesia,"English,Maori",236,,20000,,New Zealand Dollar,NZD,,,,,
Cornwall,,,,,,,,,,,,,,,,,,Cornish pasty,,
Corsica,,,,,,,,,,,568m,,,,,,,,,
Costa Rica,CR,San Jos,11.216819,8.032975,-82.555992,-85.950623,North America,Central America,"Chibcha,Chinese,Creole English,Spanish",51100,746m,4023000,95.42,Costa Rican Colon,CRC,,,Gallo pinto,24.8,celsius
Croatia,HR,Zagreb,46.53875,42.43589,19.427389,13.493222,Europe,Southern Europe,"Serbo-Croatian,Slovene",56538,331m,4473000,76,Croatian Kuna,HRK,,,Istrian stew,10.9,celsius
Cuba,CU,La Habana,23.226042,19.828083,-74.131775,-84.957428,North America,Caribbean,Spanish,110861,108m,11201000,105.84,Cuban Peso,CUP,,,"Ropa vieja, Moros y cristianos",25.2,celsius
Curacao,,,12.385672,12.032745,-68.733948,-69.157204,,,,,,,345.72,,,,,,,
Cyprus,CY,Nicosia,35.701527,34.63328467,34.597916,32.273083,Asia,Middle East,"Greek,Turkish",9251,91m,754700,123.5,Euro,EUR,,,Fasolada,18.45,celsius
Czech Rep. ,,,,,,,,,,,,,,Czech Koruna,CZK,,,,,
Czech Republic,CZ,Praha,51.058887,48.542915,18.860111,12.096194,Europe,Eastern Europe,"Czech,German,Hungarian,Moravian,Polish,Romani,Silesiana,Slovak",78866,433m,10278100,136.24,,,,,roast pork with dumplings and sauerkraut,7.55,celsius
Democratic Republic of the Congo,,,5.386098,-13.455675,31.305912,12.204144,,,,,,,,,,,,Poulet ��_��_ la Moamb��,24,celsius
Denmark,DK,Copenhagen,57.748417,54.562389,15.158834,8.075611,Europe,Nordic Countries,"Arabic,Danish,English,German,Norwegian,Swedish,Turkish",43094,34m,5330000,132.31,Danish Krone,DKK,animal,Mute Swan,fried pork and potato-based dish,7.5,celsius
Djibouti,DJ,Djibouti,12.706833,10.909917,43.416973,41.773472,Africa,Eastern Africa,"Afar,Arabic,Somali",23200,430m,638000,37.66,Djibouti Franc,DJF,,,,28,celsius
Dominica,DM,Roseau,15.631809,15.20169,-61.244152,-61.484108,North America,Caribbean,"Creole English,Creole French",751,,71000,96,East Caribbean Dollar,XCD,animal,Sisserou Parrot,"Mountain chicken, Fish broth",22.35,celsius
Dominican Republic,DO,Santo Domingo de Guzm,19.929859,17.543159,-68.32,-72.003487,North America,Caribbean,"Creole French,Spanish",48511,424m,8495000,215.31,Dominican Peso,DOP,,,"rice, red beans, and meat",24.55,celsius
East Timor,TP,Dili,-8.13583374,-9.463626862,127.3085938,124.0460968,Asia,Southeast Asia,"Portuguese,Sunda",14874,,885000,,,,,,,25.25,celsius
Ecuador,EC,Quito,1.43902,-4.998823,-75.184586,-81.078598,South America,South America,"Ket��_��___ua,Spanish",283561,"1,117m",12646000,63.37,Ecuador Sucre,ECS,,,"Encebollado, Fritada,Guatitas,",21.85,celsius
Egypt,EG,Cairo,31.667334,21.725389,36.89833069,24.698111,Africa,Northern Africa,"Arabic,Sinaberberi",1001449,321m,68470000,,Egyptian Pound,EGP,,,"Ful medames, kushari,",22.1,celsius
"Egypt, Arab Rep.",,,,,,,,,,,,,82.43,,,,,,,
El Salvador,SV,San Salvador,14.445067,13.148679,-87.692162,-90.128662,North America,Central America,"Nahua,Spanish",21041,442m,6276000,306.01,El Salvador Colon,SVC,,,Pupusa,24.45,celsius
England,,London,,,,,,,,,,,,,,animal,Barbary Lion,"Beef,(especially roast beef/corned beef),Pudding ",,
Equatorial Guinea,GQ,Malabo,2.346989,0.92086,11.335724,9.346865,Africa,Central Africa,"Bubi,Fang",28051,577m,453000,26.99,CFA Franc BEAC,XAF,,,,24.55,celsius
Eritrea,ER,Asmara,18.003084,12.359555,43.13464,36.438778,Africa,Eastern Africa,"Afar,Bilin,Hadareb,Saho,Tigre,Tigrigna",117600,853m,6250000,62.7,Eritrean Nakfa,ERN,animal,Arabian Camel,"Zigini with injera, Gored gored, raw meat",25.5,celsius
Estonia,EE,Tallinn,59.676224,57.516193,28.209972,21.837584,Europe,Baltic Countries,"Belorussian,Estonian,Finnish,Russian,Ukrainian",45227,61m,1439200,31.25,Euro,EUR,,,sauerkraut stew,5.1,celsius
Ethiopia,ET,Addis Abeba,14.89375,3.402422,47.986179,32.999939,Africa,Eastern Africa,"Amharic,Gurage,Oromo,Sidamo,Somali,Tigrigna,Walaita",1104300,"1,330m",78565000,94.1,Ethiopian Birr,ETB,animal,The Ibex Goat,"Wat with injera, Fit-fit",22.2,celsius
European Union,,,,,,,,,,,,,,Euro,EUR,,,,,
Faeroe Islands,,,,,,,,,,,,,35.44,,,,,,,
Falkland Islands,FK,Stanley,-51.24065,-52.360512,-57.712486,-61.345192,South America,South America,English,12173,,2000,,,,,,,,
Falkland Islands (Malvinas) ,,,,,,,,,,,,,,Falkland Islands Pound,FKP,,,,,
Faroe Islands,FO,T��__rshavn,62.400749,61.394943,-6.399583,-7.458,Europe,Nordic Countries,"Danish,Faroese",1399,,43000,, Danish Krone,DKK,,,,,
Federated States of Micronesia,FM,,,,,,Oceania,,,702,,119000,,,,,,,25.85,celsius
Fiji,,,-12.480111,-20.67597,-178.424438,177.129334,,,,,,,48.22,Fiji Dollar,FJD,,,,24.4,celsius
Fiji Islands,FJ,Suva,,,,,Oceania,Melanesia,"Fijian,Hindi",18274,,817000,,,,,,,,
Finland,FI,Helsinki [Helsingfors],70.096054,59.808777,31.580944,20.556944,Europe,Nordic Countries,"Estonian,Finnish,Russian,Saame,Swedish",338145,164m,5171300,17.9,Euro,EUR,,,"Karjalanpaisti,M��__mmi, Saut��ed reindeer",1.7,celsius
France,FR,Paris,51.092804,41.371582,9.561556,-5.142222,Europe,Western Europe,"Arabic,French,Italian,Portuguese,Spanish,Turkish",551500,375m,59225700,120.59,Euro,EUR,Flower,Lily,"Cr��pe, Pot-au-feu,Macaron, Bisque",10.7,celsius
French Guiana,GF,Cayenne,5.776496,2.127094,-51.613949,-54.542511,South America,South America,"Creole French,Indian Languages",90000,168m,181000,,Euro,EUR,,,,,
French Polynesia,PF,Papeete,-7.903573,-27.653572,-134.929825,-152.877167,Oceania,Polynesia,"Chinese,French,Tahitian",4000,,235000,75.64,,,,,,,
French Southern territories,TF,,,,,,Antarctica,Antarctica,,7780,,,,,,,,,,
French Southern Territories,,,-37.790722,-49.735184,77.598808,50.170258,,,,,,,,Euro,EUR,,,,,
Gabon,GA,Libreville,2.322612,-3.978806,14.502347,8.695471,Africa,Central Africa,"Fang,Mbete,Mpongwe,Punu-sira-nzebi",267668,377m,1226000,6.49,CFA Franc BEAC,XAF,,,Poulet Nyembwe,25.05,celsius
Galicia,,,,,,,,,,,,,,,,,,"Empanada, Polbo ��_��_ feira",,
Gambia,GM,Banjul,13.826571,13.064252,-13.797793,-16.825079,Africa,Western Africa,"Diola,Ful,Malinke,Soninke,Wolof",11295,34m,1305000,,Gambian Dalasi,GMD,,,,,
"Gambia, The",,,,,,,,,,,,,182.74,,,,,,,
Georgia,GE,Tbilisi,43.586498,41.053196,46.725971,40.010139,Asia,Middle East,"Abhyasi,Armenian,Azerbaijani,Georgiana,Osseetti,Russian",69700,"1,432m",4968000,78.32,Georgian Lari,GEL,,,"Khachapuri, khinkali",,
Georgia ,,,,,,,,,,,,,,,,,,,5.8,celsius
Germany,DE,Berlin,55.055637,47.275776,15.039889,5.865639,Europe,Western Europe,"German,Greek,Italian,Polish,Southern Slavic Languages,Turkish",357022,263m,82164700,231.31,Euro,EUR,Flower,Corn Flower,"Currywurst, Sauerbraten, Bratwurst",8.5,celsius
Ghana,GH,Accra,11.173301,4.736723,1.191781,-3.25542,Africa,Western Africa,"Akan,Ewe,Ga-adangme,Gurma,Joruba,Mossi",238533,190m,20212000,113.85,Ghanaian Cedi,GHS,,,Fufu,27.2,celsius
Gibraltar,GI,Gibraltar,36.15543914,36.1090307,-5.338285164,-5.366261497,Europe,Southern Europe,"Arabic,English",6,,25000,,Gibraltar Pound,GIP,,,,,
Great Britain,,,,,,,,,,,,,,Pound Sterling,GBP,,,,,
Greece,GR,Athenai,41.74849998,34.80206634,28.24708317,19.37360356,Europe,Southern Europe,"Greek,Turkish",131626,498m,10545700,85.59,Euro,EUR,,,"Fasolada,Moussaka, Souvlaki",15.4,celsius
Greenland,GL,Nuuk,83.627357,59.777401,-11.312319,-73.04203,North America,North America,"Danish,Greenlandic",2166090,"1,792m",56000,0.14,Danish Krone,DKK,,,Kiviak,,
Grenada,GD,Saint George's,12.31828393,11.986893,-61.5767697,-61.802344,North America,Caribbean,Creole English,344,,94000,311.46,East Carribean Dollar,XCD,,,Oil Down,26.65,celsius
Guadeloupe,GP,Basse-Terre,16.516848,15.867565,-61,-61.544765,North America,Caribbean,"Creole French,French",1705,,456000,,,,,,,,
Guadeloupe (French) ,,,,,,,,,,,,,,Euro,EUR,,,,,
Guam,GU,Aga,13.654402,13.23376,144.956894,144.61806,Oceania,Micronesia,"Chamorro,English,Japanese,Korean,Philippene Languages",549,,168000,305.79,,,,,,,
Guam (USA) ,,,,,,,,,,,,,,US Dollar,USD,,,,,
Guatemala,GT,Ciudad de Guatemala,17.81522,13.737302,-88.223198,-92.23629,North America,Central America,"Cakchiquel,Kekch��_��___,Mam,Quich��_��__��_��__,Spanish",108889,759m,11385000,144.35,Guatemalan Quetzal,QTQ,,,"Fiambre, Pepian (hearty meat stew)",23.45,celsius
Guernsey,,,49.73172782,49.40764157,-2.157715211,-2.673194593,,,,,,,,Pound Sterling,GGP,,,,,
Guinea,GN,Conakry,12.67622,7.193553,-7.641071,-14.926619,Africa,Western Africa,"Ful,Kissi,Kpelle,Loma,Malinke,Susu,Yalunka",245857,472m,7430000,47.8,Guinea Franc,GNF,,,,25.7,celsius
Guinea Bissau,,,,,,,,,,,,,,Guinea-Bissau Peso,GWP,,,,,
Guinea-Bissau,GW,Bissau,12.680789,10.924265,-13.636522,-16.717535,Africa,Western Africa,"Balante,Crioulo,Ful,Malinke,Mandyako,Portuguese",36125,70m,1213000,60.61,,,,,,26.75,celsius
Guyana,GY,Georgetown,8.557567,1.17508,-56.480251,-61.384762,South America,South America,"Arawakan,Caribbean,Creole English",214969,207m,861000,4.06,Guyana Dollar,GYD,animal,Canje Pheasant,Pepperpot,26,celsius
Haiti,HT,Port-au-Prince,20.08782,18.021032,-71.613358,-74.478584,North America,Caribbean,"French,Haiti Creole",27750,470m,8222000,374.36,Haitian Gourde,HTG,,,Red beans and rice ,24.9,celsius
Heard Island and McDonald Islands,HM,,-52.909416,-53.192001,73.859146,72.596535,Antarctica,Antarctica,,359,,,,Australian Dollar,AUD,,,,,
Holy See (Vatican City State),VA,Citt,,,,,Europe,Southern Europe,Italian,0.4,,1000,,,,,,,,
Honduras,HN,Tegucigalpa,16.510256,12.982411,-83.155403,-89.350792,North America,Central America,"Creole English,Garifuna,Miskito,Spanish",112088,684m,6485000,72.37,Honduran Lempira,HNL,,,"Baleada, Carne asada, Sopa de Caracol (Conch Soup)",23.5,celsius
Hong Kong,HK,Victoria,22.559778,22.15325,114.434753,113.837753,Asia,Eastern Asia,"Canton Chinese,Chiu chau,English,Fukien,Hakka",1075,,6782000,,Hong Kong Dollar,HKD,Flower,Bauhinia (Orchid Tree),Char siu,,
"Hong Kong SAR, China",,,,,,,,,,,,,"6,845.24",,,,,,,
Hungary,HU,Budapest,48.585667,45.74361,22.906,16.111889,Europe,Eastern Europe,"German,Hungarian,Romani,Romanian,Serbo-Croatian,Slovak",93030,143m,10043200,109.33,Hungarian Forint,HUF,,,"Guly��_��_s,",9.75,celsius
��_��_land,,,60.488861,59.90675,21.011862,19.317694,,,,,,,,,,,,,,
Iceland,IS,Reykjav,66.53463,63.393253,-13.495815,-24.546524,Europe,Nordic Countries,"English,Icelandic",103000,557m,279000,3.22,Iceland Krona,ISK,,,"H��_��_karl, ��__orramatur",1.75,celsius
India,IN,New Delhi,35.504223,6.747139,97.403305,68.186691,Asia,Southern and Central Asia,"Asami,Bengali,Gujarati,Hindi,Kannada,Malajalam,Marathi,Orija,Punjabi,Tamil,Telugu,Urdu",3287263,160m,1013662000,421.14,Indian Rupee,INR,animal,Lioned Capital,No officially anointed national dish,23.65,celsius
Indonesia,ID,Jakarta,5.904417,-10.941861,141.021805,95.009331,Asia,Southeast Asia,"Bahasa,Bali,Banja,Batakki,Bugi,Javanese,Madura,Malay,Minangkabau,Sunda",1904569,367m,237641326,124,Indonesian Rupiah,IDR,,,"Tumpeng Sate,Soto,Nasi goreng",25.85,celsius
Iran,IR,Tehran,39.777222,25.064083,63.317471,44.047279,Asia,Southern and Central Asia,"Arabic,Azerbaijani,Bakhtyari,Balochi,Gilaki,Kurdish,Luri,Mazandarani,Persian,Turkmenian",1648195,"1,305m",67702000,,Iranian Rial,IRR,Flower,Rose,"Chelo kabab, Ghormeh sabzi",17.25,celsius
"Iran, Islamic Rep.",,,,,,,,,,,,,47.56,,,,,,,
Iraq,IQ,Baghdad,37.378029,29.069445,48.575916,38.795887,Asia,Middle East,"Arabic,Assyrian,Azerbaijani,Kurdish,Persian",438317,312m,23115000,76.94,Iraqi Dinar,IQD,,,"Samak masgouf,Kleicha",21.4,celsius
Ireland,IE,Dublin,55.387917,51.451584,-6.002389,-10.478556,Europe,British Isles,"English,Irish",70273,118m,3775100,66.7,Euro,EUR,Flower,Shamrock,"Colcannon,Irish stew ",,
Isle of Man,,,54.419724,54.055916,-4.3115,-4.798722,,,,,,,150.68,Pound Sterling,GBP,,,Skeddan jiarg,,
Israel,IL,Jerusalem,33.340137,29.496639,35.876804,34.27027875,Asia,Middle East,"Arabic,Hebrew,Russian",21056,508m,6217000,372.43,Israeli New Shekel,ILS,Other,Candelabrum,"Hummus, falafel, Meorav Yerushalmi",19.2,celsius
Italy,IT,Roma,47.095196,36.652779,18.513445,6.614889,Europe,Southern Europe,"Albaniana,French,Friuli,German,Italian,Romani,Sardinian,Slovene",301316,538m,57680000,203.41,Euro,EUR,Flower,White Lily,"Pasta,Polenta,Pizza, Risotto",13.45,celsius
Ivory Coast,CI,Yamoussoukro,10.736642,4.357067,-2.494897,-8.599302,Africa,Western Africa,"Akan,Gur,Kru,Malinke,[South]Mande",322463,250m,14786000,63.89,CFA Franc BCEAO,XOF,animal,Coast Elephant,"Fufu, Kedjenou",26.35,celsius
Jamaica,JM,Kingston,18.526976,17.703554,-76.180321,-78.366638,North America,Caribbean,"Creole English,Hindi",10990,18m,2583000,250.69,Jamaican Dollar,JMD,,,"Ackee and Saltfish, Jamaican patty",24.95,celsius
Japan,JP,Tokyo,45.52314,24.249472,145.820892,122.93853,Asia,Eastern Asia,"Ainu,Chinese,English,Japanese,Korean,Philippene Languages",377829,438m,126714000,349.29,Japanese Yen,JPY,Flower,Chrysanthemum,"Sushi, Japanese curry,Ramen ",11.15,celsius
Jersey,,,49.265057,49.169834,-2.022083,-2.260028,,,,,,,,Pound Sterling,GBP,,,,,
Jordan,JO,Amman,33.367668,29.185888,39.301167,34.959999,Asia,Middle East,"Arabic,Armenian,Circassian",88946,812m,5083000,72.75,Jordanian Dinar,JOD,,,Mansaf,18.3,celsius
Kazakhstan,KZ,,55.451195,40.936333,87.312668,46.491859,,,,,387m,,6.31,Kazakhstan Tenge,KZT,,,"Beshbarmak, Shalgam",6.4,celsius
Kazakstan,,Astana,,,,,Asia,Southern and Central Asia,"German,Kazakh,Russian,Tatar,Ukrainian,Uzbek",2724900,,16223000,,,,,,,,
Kenya,KE,Nairobi,5.019938,-4.678047,41.899078,33.908859,Africa,Eastern Africa,"Gusii,Kalenjin,Kamba,Kikuyu,Luhya,Luo,Masai,Meru,Nyika,Turkana",580367,762m,30080000,77.93,Kenyan Shilling,KES,,,"Ugali, Sukuma wiki, Nyama choma",24.75,celsius
Kingdom of the Netherlands,,,,,,,,,,,,,,,,,,,9.25,celsius
Kiribati,KI,Bairiki,4.71957,-11.44688115,-150.215347,169.556137,Oceania,Micronesia,"Kiribati,Tuvalu",726,,83000,126.36,Australian Dollar,AUD,,,,28.2,celsius
"Korea, Dem. Rep.",,,,,,,,,,,,,206.76,,,,,,,
"Korea, Rep.",,,,,,,,,,,,,515.87,,,,,,,
Kosovo,,,43.26824958,41.8563696,21.80335089,19.9774815,,,,,,,167.54,,,,,,,
Kuwait,KW,Kuwait,30.095945,28.524611,48.431473,46.555557,Asia,Middle East,"Arabic,English",17818,108m,1972000,189.03,Kuwaiti Dinar,KWD,,,Machboos,25.35,celsius
Kyrgyz Republic,,,,,,,,,,,,,29.82,,,,,,,
Kyrgyzstan,KG,Bishkek,43.238224,39.172832,80.283165,69.276611,Asia,Southern and Central Asia,"Kazakh,Kirgiz,Russian,Tadzhik,Tatar,Ukrainian,Uzbek",199900,"2,988m",4699000,,Som,KGS,,,"Beshbarmak, Laghman, Kuurdak",1.55,celsius
Lao PDR,,,,,,,,,,,,,29.33,,,,,,,
Laos,LA,Vientiane,22.500389,13.910027,107.697029,100.093056,Asia,Southeast Asia,"Lao,Lao-Soung,Mon-khmer,Thai",236800,710m,5433000,,Lao Kip,LAK,,,"Tum Mak Hoong (Som Tum, its Thai name)",22.8,celsius
Latvia,LV,Riga,58.082306,55.668861,28.241167,20.974277,Europe,Baltic Countries,"Belorussian,Latvian,Lithuanian,Polish,Russian,Ukrainian",64589,87m,2424200,32.38,Latvian Lats,LVL,,,Latke,5.6,celsius
Lebanon,LB,Beirut,34.691418,33.05386,36.639194,35.114277,Asia,Middle East,"Arabic,Armenian,French",10400,"1,250m",3282000,436.7,Lebanese Pound,LBP,Tree,Cedar Tree,Kibbeh,16.4,celsius
Lesotho,LS,Maseru,-28.572058,-30.668964,29.465761,27.029068,Africa,Southern Africa,"English,Sotho,Zulu",30355,"2,161m",2153000,68.33,Lesotho Loti,LSL,,,,11.85,celsius
Liberia,LR,Monrovia,8.551791,4.353057,-7.365113,-11.492083,Africa,Western Africa,"Bassa,Gio,Grebo,Kpelle,Kru,Loma,Malinke,Mano",111369,243m,3154000,44.58,Liberian Dollar,LRD,,,,25.3,celsius
Libya,,,33.168999,19.508045,25.150612,9.38702,,,,,423m,,3.52,Libyan Dinar,LYD,,,"Bazeen, Usban",21.8,celsius
Libyan Arab Jamahiriya,LY,Tripoli,,,,,Africa,Northern Africa,"Arabic,Berberi",1759540,,5605000,,,,,,,,
Liechtenstein,LI,Vaduz,47.27062514,47.04842841,9.635642811,9.471673598,Europe,Western Europe,"German,Italian,Turkish",160,,32300,230.78,Swiss Franc,CHF,,,,5.65,celsius
Lithuania,LT,Vilnius,56.446918,53.901306,26.871944,20.941528,Europe,Baltic Countries,"Belorussian,Lithuanian,Polish,Russian,Ukrainian",65301,110m,3698500,47.17,Lithuanian Litas,LTL,,,Cepelinai,6.2,celsius
Luxembourg,LU,Luxembourg [Luxemburg/L,50.184944,49.446583,6.528472,5.734556,Europe,Western Europe,"French,German,Italian,Luxembourgish,Portuguese",2586,325m,435700,209.73,Euro,EUR,,,"Judd mat Gaardebounen, Bouneschlupp",8.65,celsius
Luxenbourg,,,,,,,,,,,,,,,,animal,Lion with Crown,,,
Macao,MO,Macao,22.222334,22.180389,113.565834,113.528946,Asia,Eastern Asia,"Canton Chinese,English,Mandarin Chinese,Portuguese",18,,473000,,,,,,,,
"Macao SAR, China",,,,,,,,,,,,,"18,942.31",,,,,,,
Macau,,,,,,,,,,,,,,Macau Pataca,MOP,,,Minchee ,,
Macedonia,MK,Skopje,42.361805,40.860195,23.038139,20.464695,Europe,Southern Europe,"Albaniana,Macedonian,Romani,Serbo-Croatian,Turkish",25713,741m,2024000,,Denar,MKD,,,Tav��_��_e Grav��_��_e,,
"Macedonia, FYR",,,,,,,,,,,,,83.55,,,,,,,
Madagascar,MG,Antananarivo,-11.945433,-25.608952,50.48378,43.224876,Africa,Eastern Africa,"French,Malagasy",587041,615m,15942000,39.4,Malagasy Franc,MGF,,,Romazava ,22.65,celsius
Malawi,MW,Lilongwe,-9.367541,-17.125,35.916821,32.67395,Africa,Eastern Africa,"Chichewa,Lomwe,Ngoni,Yao",118484,779m,10925000,173.55,Malawi Kwacha,MWK,,,,21.9,celsius
Malaysia,MY,Kuala Lumpur,7.363417,0.855222,119.267502,99.643448,Asia,Southeast Asia,"Chinese,Dusun,English,Iban,Malay,Tamil",329758,538m,22244000,90.45,Malaysian Ringgit,MYR,,,"Nasi lemak,Satay, Laksa, Roti canai",25.4,celsius
Maldives,MV,Male,7.091587495,-0.692694,73.637276,72.693222,Asia,Southern and Central Asia,"Dhivehi,English",298,1.8m,286000,"1,150.08",Maldive Rufiyaa,MVR,,,,27.65,celsius
Mali,ML,Bamako,25.000002,10.159513,4.244968,-12.242614,Africa,Western Africa,"Bambara,Ful,Senufo and Minianka,Songhai,Soninke,Tamashek",1240192,343m,11234000,12.54,CFA Franc BCEAO,XOF,,,,28.25,celsius
Malta,MT,Valletta,36.0821531,35.8061835,14.5764915,14.1834251,Europe,Southern Europe,"English,Maltese",316,,380200,"1,322.76",Euro,EUR,,,"Pastizzi, Rabbit Stew (Fenkata)",19.2,celsius
Marshall Islands,MH,Dalap-Uliga-Darrit,14.62,5.587639,171.931808,165.524918,Oceania,Micronesia,"English,Marshallese",181,,64000,292.41,US Dollar,USD,,,,27.4,celsius
Martinique,MQ,Fort-de-France,14.878819,14.392262,-60.81551,-61.230118,North America,Caribbean,"Creole French,French",1102,,395000,,,,,,,,
Martinique (French),,,,,,,,,,,,,, Euro,EUR,,,,,
Mauritania,MR,Nouakchott,27.298073,14.715547,-4.827674,-17.066521,Africa,Western Africa,"Ful,Hassaniya,Soninke,Tukulor,Wolof,Zenaga",1025520,276m,2670000,3.77,Mauritanian Ouguiya,MRO,,,"Thieboudienne, Couscous",27.65,celsius
Mauritius,MU,Port-Louis,-10.319255,-20.525717,63.500179,56.512718,Africa,Eastern Africa,"Bhojpuri,Creole French,French,Hindi,Marathi,Tamil",2040,,1158000,638.57,Mauritius Rupee,MUR,,,,22.4,celsius
Mayotte,YT,Mamoutzou,-12.648891,-13.000132,45.29295,45.03796,Africa,Eastern Africa,"French,Mahor��_��__��_��__,Malagasy",373,,149000,,Euro,EUR,,,,,
Mexico,MX,Ciudad de M,32.716759,14.532866,-86.703392,-118.453949,North America,Central America,"Mixtec,N��_��__��_��__huatl,Otom��_��___,Spanish,Yucatec,Zapotec",1958201,"1,111m",98881000,62.93,Mexican Nuevo Peso,MXN,,,"Tacos, Mole poblano,Chiles en nogada",21,celsius
Micronesia,,,10.08904,1.02629,163.03717,137.33648,,,,,,,,US Dollar,USD,,,,,
"Micronesia, Fed. Sts.",,,,,,,,,,,,,147.93,,,,,,,
"Micronesia, Federated States of",,Palikir,,,,,,Micronesia,"Kosrean,Mortlock,Pohnpei,Trukese,Wolea,Yap",,,,,,,,,,,
Moldova,MD,Chisinau,48.490166,45.468887,30.135445,26.618944,Europe,Eastern Europe,"Bulgariana,Gagauzi,Romanian,Russian,Ukrainian",33851,139m,4380000,124.02,Moldovan Leu,MDL,,,"M��_��_m��_��_lig��_��_, Sarmale, R��_��_cituri",9.45,celsius
Monaco,MC,Monaco-Ville,43.75196717,43.7247284,7.43993926,7.40896225,Europe,Western Europe,"English,French,Italian,Monegasque",1.5,,34000,"18,915.50",,EUR,,,,13.55,celsius
Mongolia,MN,Ulan Bator,52.154251,41.567638,119.924309,87.749664,Asia,Eastern Asia,"Bajad,Buryat,Dariganga,Dorbet,Kazakh,Mongolian",1566500,"1,528m",2662000,1.83,Mongolian Tugrik,MNT,Other,The Soyombo,Buuz,-0.7,celsius
Montenegro,,,43.570137,41.850166,20.358833,18.461306,,,,,"1,086m",,46.2,Euro,EUR,,,"Ka��_��_amak, Ra��_��_tan",10.55,celsius
Montserrat,MS,Plymouth,16.82406021,16.67476894,-62.14410013,-62.24138237,North America,Caribbean,English,102,,11000,,East Caribbean Dollar,XCD,,,,,
Morocco,MA,Rabat,35.9224967,27.662115,-0.99175,-13.168586,Africa,Northern Africa,"Arabic,Berberi",446550,909m,28351000,73.96,Moroccan Dirham,MAD,,,"Couscous, Tagine",17.1,celsius
Mozambique,MZ,Maputo,-10.471883,-26.868685,40.842995,30.217319,Africa,Eastern Africa,"Chuabo,Lomwe,Makua,Marendje,Nyanja,Ronga,Sena,Shona,Tsonga,Tswa",801590,345m,19680000,32.85,Mozambique Metical,MZN,,,,23.8,celsius
Myanmar,MM,Rangoon (Yangon),,,,,Asia,Southeast Asia,"Burmese,Chin,Kachin,Karen,Kayah,Mon,Rakhine,Shan",676578,,45611000,81.52,Myanmar Kyat,MMK,,,,13.05,celsius
Myanmar [Burma],,,28.543249,9.784583,101.176781,92.189278,,,,,,,,,,,,,,
Namibia,,Windhoek,-16.959894,-28.97143,25.256701,11.71563,Africa,Southern Africa,"Afrikaans,Caprivi,German,Herero,Kavango,Nama,Ovambo,San",824292,"1,141m",1726000,2.8,Namibian Dollar,NAD,,,,19.95,celsius
Nauru,NR,Yaren,-0.504306,-0.552333,166.945282,166.899033,Oceania,Micronesia,"Chinese,English,Kiribati,Nauru,Tuvalu",21,,12000,,Australian Dollar,AUD,,,,,
Nepal,NP,Kathmandu,30.43339,26.356722,88.199333,80.056274,Asia,Southern and Central Asia,"Bhojpuri,Hindi,Maithili,Nepali,Newari,Tamang,Tharu",147181,"3,265m",26494504,193.91,Nepalese Rupee,NPR,animal,Danphe (Lophophorus),Dal bhat,8.1,celsius
Netherlands,NL,Amsterdam,53.512196,50.753918,7.227944,3.362556,Europe,Western Europe,"Arabic,Dutch,Fries,Turkish",41526,30m,15864000,498.35,Euro,EUR,animal,Lion,"Stamppot, hutspot",,
Netherlands Antilles,AN,Willemstad,,,,,North America,Caribbean,"Dutch,English,Papiamento",800,,217000,,Netherlands Antillean Guilder,ANG,,,,,
New Caledonia,NC,Noum,-19.549778,-22.698,168.129135,163.564667,Oceania,Melanesia,"French,Malenasian Languages,Polynesian Languages",18575,,214000,14.33,,,,,,,
New Caledonia (French) ,,,,,,,,,,,,,,CFP Franc,XPF,,,,,
New Zealand,NZ,Wellington,-34.389668,-47.286026,-180,166.7155,Oceania,Australia and New Zealand,"English,Maori",270534,388m,3862000,16.98,New Zealand Dollar,NZD,animal,"Southern Cross, Kiwi, Fern","Bacon and egg pie, lamb, pavlova",10.55,celsius
Nicaragua,NI,Managua,15.025909,10.707543,-82.738289,-87.690308,North America,Central America,"Creole English,Miskito,Spanish,Sumo",130000,298m,5074000,50.53,Nicaraguan Cordoba Oro,NIO,,,Gallo pinto ,24.9,celsius
Niger,NE,Niamey,23.525026,11.696975,15.995643,0.16625,Africa,Western Africa,"Ful,Hausa,Kanuri,Songhai-zerma,Tamashek",1267000,474m,10730000,14.08,CFA Franc BCEAO,XOF,,,,27.15,celsius
Nigeria,NG,Abuja,13.892007,4.277144,14.680073,2.668432,Africa,Western Africa,"Bura,Edo,Ful,Hausa,Ibibio,Ibo,Ijo,Joruba,Kanuri,Tiv",923768,380m,111506000,190.62,Nigerian Naira,NGN,,,Jollof rice,26.8,celsius
Niue,NU,Alofi,-18.951069,-19.152193,-169.775177,-169.951004,Oceania,Polynesia,"English,Niue",260,,2000,,New Zealand Dollar,NZD,,,,,
Norfolk Island,NF,Kingston,-28.99517069,-29.06307674,167.9977374,167.9154323,Oceania,Australia and New Zealand,English,36,,2000,,Australian Dollar,AUD,,,,,
North Korea,KP,Pyongyang,43.006054,37.673332,130.674866,124.315887,Asia,Eastern Asia,"Chinese,Korean",120538,400m,24039000,,North Korean Won,KPW,,,"Galbi, Kimchi",5.7,celsius
Northern Ireland,,Belfast,,,,,,,,,,,,,,,,Ulster fry,,
Northern Mariana Islands,MP,Garapan,20.55344,14.11023,146.06528,144.88626,Oceania,Micronesia,"Carolinian,Chamorro,Chinese,English,Korean,Philippene Languages",464,,78000,117.08,US Dollar,USD,,,,,
Norway,NO,Oslo,71.18811,57.977917,31.07805252,4.650167,Europe,Nordic Countries,"Danish,English,Norwegian,Saame,Swedish",323877,460m,4478500,13.92,Norwegian Krone,NOK,animal,Lion,F��rik��l,1.5,celsius
Oman,OM,Masqat,26.387972,16.64575,59.836582,51.882,Asia,Middle East,"Arabic,Balochi",309500,310m,2542000,11.74,Omani Rial,OMR,,,,25.6,celsius
Pakistan,PK,Islamabad,37.097,23.786722,77.840919,60.878613,Asia,Southern and Central Asia,"Balochi,Brahui,Hindko,Pashto,Punjabi,Saraiki,Sindhi,Urdu",796095,900m,156483000,236.28,Pakistan Rupee,PKR,Other,Crescent,"Biryani, Nihari",20.2,celsius
Palau,PW,Koror,8.46966,2.8036,134.72307,131.11788,Oceania,Micronesia,"Chinese,English,Palau,Philippene Languages",459,,19000,45.47,US Dollar,USD,,,,27.6,celsius
Palestine,PS,Gaza,32.54638672,31.21654129,35.57329559,34.21665955,Asia,Middle East,"Arabic,Hebrew",6257,,3101000,,,,,,"Arab salad, Falafel, Mujaddara, Musakhan, Hummus with tahini",,
Panama,PA,Ciudad de Panam,9.637514,7.197906,-77.17411,-83.051445,North America,Central America,"Arabic,Creole English,Cuna,Embera,Guaym��_��___,Spanish",75517,360m,2856000,51.98,Panamanian Balboa,PAB,,,Sancocho de gallina,25.4,celsius
Papua,,,,,,,,,,,,,,,,animal,New Guinea Bird of paradise,,,
Papua New Guinea,PG,Port Moresby,-1.318639,-11.657861,155.96344,140.842865,Oceania,Melanesia,"Malenasian Languages,Papuan Languages",462840,667m,4807000,16.17,Papua New Guinea Kina,PGK,,,,25.25,celsius
Paraguay,PY,Asunci,-19.294041,-27.608738,-54.259354,-62.647076,South America,South America,"German,Guaran��_��___,Portuguese,Spanish",406752,178m,5496000,17.12,Paraguay Guarani,PYG,,,Sopa paraguaya,23.55,celsius
Peru,PE,Lima,-0.012977,-18.349728,-68.677986,-81.326744,South America,South America,"Aimar��_��__��_��__,Ket��_��___ua,Spanish",1285216,"1,555m",25662000,23.73,Peruvian Nuevo Sol,PEN,,,Ceviche,19.6,celsius
Philippines,PH,Manila,21.120611,4.643306,126.601524,116.931557,Asia,Southeast Asia,"Bicol,Cebuano,Hiligaynon,Ilocano,Maguindanao,Maranao,Pampango,Pangasinan,Pilipino,Waray-waray",300000,442m,75967000,329.99,Philippine Peso,PHP,,,"Adobo,Lechon (both unofficial)",25.85,celsius
Pitcairn,PN,Adamstown,,,,,Oceania,Polynesia,Pitcairnese,49,,50,,,,,,,,
Pitcairn Island,,,,,,,,,,,,,,New Zealand Dollar,NZD,,,,,
Pitcairn Islands,,,-24.315865,-24.672565,-124.77285,-128.346436,,,,,,,,,,,,,,
Poland,PL,Warszawa,54.839138,49.006363,24.150749,14.123,Europe,Eastern Europe,"Belorussian,German,Polish,Ukrainian",323250,173m,38653600,125.83,Polish Zloty,PLN,,,"Bigos, Pierogi,Kotlet schabowy, ��_��_urek",7.85,celsius
Polynesia (French) ,,,,,,,,,,,,,,CFP Franc,XPF,,,,,
Portugal,PT,Lisboa,42.15431113,36.96125,-6.189159307,-9.500526607,Europe,Southern Europe,Portuguese,91982,372m,9997600,114.2,Euro,EUR,,,Bacalhau,15.15,celsius
Puerto Rico,PR,San Juan,18.520166,17.926405,-65.242737,-67.942726,North America,Caribbean,"English,Spanish",8875,261m,3869000,407.56,US Dollar,USD,,,"Arroz con gandules, Mofongo",,
Qatar,QA,Doha,26.154722,24.482944,51.636639,50.757221,Asia,Middle East,"Arabic,Urdu",11000,28m,599000,186.79,Qatari Rial,QAR,,,,27.15,celsius
Republic of Ireland,,,,,,,,,,,,,,,,,,,9.3,celsius
Republic of Macedonia,,,,,,,,,,,,,,,,,,,9.8,celsius
Republic of Tatarstan,,,,,,,,,,,,,,,,,,��_��_�_po�_maq,,
Republic of the Congo,,,3.703082,-5.027223,18.649839,11.205009,,,,,,,,,,,,Poulet Moamb�� ,24.55,celsius
Reunion,RE,Saint-Denis,,,,,Africa,Eastern Africa,"Chinese,Comorian,Creole French,Malagasy,Tamil",2510,,699000,,,,,,,,
Reunion (French) ,,,,,,,,,,,,,,Euro,EUR,,,,,
R��union,,,-20.86839132,-21.3837473,55.8381939,55.21219225,,,,,,,,,,,,,,
Romania,RO,Bucuresti,48.266945,43.627304,29.691055,20.269972,Europe,Eastern Europe,"German,Hungarian,Romani,Romanian,Serbo-Croatian,Ukrainian",238391,414m,22455500,86.79,Romanian New Leu,RON,,,"M��_��_m��_��_lig��_��_, Sarmale, Mici",8.8,celsius
Russia,,,81.857361,41.188862,-169.05,19.25,,,,,600m,,,Russian Ruble,RUB,,,"Pelmeni, Shchi, Kasha,Pirogi, Pirozhki",-5.1,celsius
Russian Federation,RU,Moscow,,,,,Europe,Eastern Europe,"Avarian,Bashkir,Belorussian,Chechen,Chuvash,Kazakh,Mari,Mordva,Russian,Tatar,Udmur,Ukrainian",17075400,,146934000,8.76,,,,,,,
Rwanda,RW,Kigali,-1.053481,-2.840679,30.895958,28.856794,Africa,Eastern Africa,"French,Rwanda",26338,"1,598m",7733000,477.36,Rwanda Franc,RWF,,,,17.85,celsius
Saint Barth��lemy,,,17.92880879,17.87818323,-62.78898337,-62.87391183,,,,,,,,,,,,,,
Saint Helena,SH,Jamestown,-7.887815,-16.019543,-5.638753,-14.42123,Africa,Western Africa,English,314,,6000,,St. Helena Pound,SHP,,,,,
Saint Kitts and Nevis,KN,Basseterre,17.420118,17.095343,-62.543266,-62.86956,North America,Caribbean,"Creole English,English",261,,38000,,,,,,,24.5,celsius
Saint Kitts and Nevis Anguilla,,,,,,,,,,,,,,East Caribbean Dollar,XCD,,,,,
Saint Lucia,LC,Castries,14.103245,13.704778,-60.874203,-61.07415,North America,Caribbean,"Creole French,English",622,,154000,,East Caribbean Dollar,XCD,,,,25.5,celsius
Saint Martin,,,18.130354,18.052231,-63.012993,-63.152767,,,,,,,,,,,,,,
Saint Pierre and Miquelon,PM,Saint-Pierre,47.146286,46.786041,-56.252991,-56.420658,North America,North America,French,242,,7000,, Euro,EUR,,,,,
Saint Vincent and the Grenadines,VC,Kingstown,13.377834,12.58398481,-61.11388,-61.46090318,North America,Caribbean,"Creole English,English",388,,114000,,East Caribbean Dollar,XCD,,,,26.8,celsius
Samoa,WS,Apia,-13.432207,-14.040939,-171.415741,-172.798599,Oceania,Polynesia,"English,Samoan,Samoan-English",2831,,180000,67.27,Samoan Tala,WST,,,,26.7,celsius
San Marino,SM,San Marino,43.99223731,43.89370922,12.51653187,12.40353898,Europe,Southern Europe,Italian,61,,27000,524.13,Euro,EUR,,,Torta Tre Monti,11.85,celsius
Sao Tome and Principe,ST,S,,,,,Africa,Central Africa,"Crioulo,French",964,,147000,201.03, Dobra,STD,,,,,
Saudi Arabia,SA,Riyadh,32.158333,15.61425,55.666584,34.495693,Asia,Middle East,Arabic,2149690,665m,21607000,13.41,Saudi Riyal,SAR,,,Kabsa,24.65,celsius
Scotland,,Edinburgh,,,,,,,,,,,,,,Other,Unicorn,Haggis,,
Senegal,SN,Dakar,16.691633,12.307275,-11.355887,-17.535236,Africa,Western Africa,"Diola,Ful,Malinke,Serer,Soninke,Wolof",196722,69m,9481000,73.41,CFA Franc BCEAO,XOF,Tree,Bhobab Tree,Thieboudienne,27.85,celsius
Serbia,,,46.18138885,42.23221588,23.00499725,18.81702042,,,,,442m,,81.91,Dinar,RSD,,,"��_��_evap��_��_i��_��_i, Pljeskavica, Ra��__nji��_��_i, Proja, Kajmak",10.55,celsius
Seychelles,SC,Victoria,-4.283717,-9.753867,56.29770288,46.204769,Africa,Eastern Africa,"English,French,Seselwa",455,,77000,193.85,Seychelles Rupee,SCR,,,,27.15,celsius
Sierra Leone,SL,Freetown,10,6.929611,-10.284238,-13.307631,Africa,Western Africa,"Bullom-sherbro,Ful,Kono-vai,Kuranko,Limba,Mende,Temne,Yalunka",71740,279m,4854000,84.4,Sierra Leone Leone,SLL,animal,Lion,,26.05,celsius
Singapore,SG,Singapore,1.471278,1.258556,104.007469,103.638275,Asia,Southeast Asia,"Chinese,Malay,Tamil",618,,3567000,"7,713.14",Singapore Dollar,SGD,,,"Chilli crab,Hainanese Chicken Rice",26.45,celsius
Sint Maarten,,,18.070248,18.011692,-63.012993,-63.144039,,,,,,,,,,,,,,
Sint Maarten (Dutch part),,,,,,,,,,,,,"1,167.32",,,,,,,
Slovak Republic,,,,,,,,,,,,,112.59,,,,,,,
Slovakia,SK,Bratislava,49.603168,47.728111,22.570444,16.84775,Europe,Eastern Europe,"Czech and Moravian,Hungarian,Romani,Slovak,Ukrainian and Russian",49012,458m,5398700,,Euro,EUR,,,Bryndzov�� halu��_��_ky,6.8,celsius
Slovenia,SI,Ljubljana,46.87662755,45.421813,16.61063118,13.37533421,Europe,Southern Europe,"Hungarian,Serbo-Croatian,Slovene",20256,492m,1987800,102.31,Euro,EUR,,,"Ajdovi ��__ganci, Belokranjska povitica, Obara",8.9,celsius
Solomon Islands,SB,Honiara,-6.589611,-11.850555,166.980865,155.508606,Oceania,Melanesia,"Malenasian Languages,Papuan Languages,Polynesian Languages",28896,,444000,20.05,Solomon Islands Dollar,SBD,,,,25.65,celsius
Somalia,SO,Mogadishu,11.979166,-1.674868,51.412636,40.986595,Africa,Eastern Africa,"Arabic,Somali",637657,410m,10097000,16.73,Somali Shilling,SOS,,,Canjeero with goat stew,27.05,celsius
South Africa,ZA,Pretoria,-22.126612,-34.839828,32.895973,16.458021,Africa,Southern Africa,"Afrikaans,English,Ndebele,Northsotho,Southsotho,Swazi,Tsonga,Tswana,Venda,Xhosa,Zulu",1221037,"1,034m",40377000,43.68,South African Rand,ZAR,,,Bobotie,17.75,celsius
South Georgia and the South Sandwich Islands,GS,,-53.970467,-59.479259,-26.229326,-38.021175,Antarctica,Antarctica,,3903,,,,Pound Sterling,GBP,,,,,
South Korea,KR,Seoul,38.612446,33.190945,129.584671,125.887108,Asia,Eastern Asia,"Chinese,Korean",99434,282m,46844000,,Korean Won,KRW,,,"Kimchi, bulgogi",11.5,celsius
South Sudan,,Juba,12.21914864,3.493394375,35.94055176,24.14027405,Africa,Eastern Africa,,619745,,12042910,0,South Sudan Pound,SSP,,,,,
Spain,ES,Madrid,43.79135659,36.00010443,4.32778473,-9.301515672,Europe,Southern Europe,"Basque,Catalan,Galecian,Spanish",505992,660m,39441700,93.52,Euro,EUR,animal,Eagle,Tortilla espa��ola ,13.3,celsius
Sri Lanka,LK,Colombo,9.831361,5.916833,81.881279,79.652916,Asia,Southern and Central Asia,"Mixed Languages,Singali,Tamil",65610,228m,18827000,326.63,Sri Lanka Rupee,LKR,animal,Lion,Rice and curry,26.95,celsius
St. Kitts and Nevis,,,,,,,,,,,,,208.43,,,,,,,
St. Lucia,,,,,,,,,,,,,298.81,,,,,,,
St. Martin (French part),,,,,,,,,,,,,574.71,,,,,,,
St. Vincent and the Grenadines,,,,,,,,,,,,,280.44,,,,,,,
Sudan,SD,Khartum,22.2322197,8.684720993,38.60749817,21.82777405,Africa,Northern Africa,"Arabic,Bari,Beja,Chilluk,Dinka,Fur,Lotuko,Nubian Languages,Nuer,Zande",1886068,568m,29490000,20.73,Sudanese Pound,SDG,animal,Secretary Bird,Ful medames,26.9,celsius
Suriname,SR,Paramaribo,6.004546,1.831145,-53.977493,-58.086563,South America,South America,"Hindi,Sranantonga",163265,246m,417000,3.46,Surinam Dollar,SRD,,,,25.7,celsius
Svalbard and Jan Mayen,SJ,Longyearbyen,80.762085,79.220306,33.287334,17.699389,Europe,Nordic Countries,"Norwegian,Russian",62422,,3200,,,,,,,,
Svalbard and Jan Mayen Islands,,,,,,,,,,,,,,Norwegian Krone,NOK,,,,,
Swaziland,SZ,Mbabane,-25.719648,-27.317101,32.13726,30.794107,Africa,Southern Africa,"Swazi,Zulu",17364,305m,1008000,72.65,Swaziland Lilangeni,SZL,,,,21.4,celsius
Sweden,SE,Stockholm,69.0625,55.337112,24.15629248,11.118694,Europe,Nordic Countries,"Arabic,Finnish,Norwegian,Southern Slavic Languages,Spanish,Swedish",449964,320m,8861400,23.55,Swedish Krona,SEK,,,"K�_ttbullar, Kr��__ftskiva,Surstr�_mming,Ostkaka",2.1,celsius
Switzerland,CH,Bern,47.805332,45.825695,10.491472,5.957472,Europe,Western Europe,"French,German,Italian,Romansh",41284,"1,350m",7160400,204.51,Swiss Franc,CHF,,,"Cervelat,Fondue, R�_sti",5.5,celsius
Syria,SY,Damascus,37.319138,32.310665,42.385029,35.727222,Asia,Middle East,"Arabic,Kurdish",185180,514m,16125000,,Syrian Pound,SYP,animal,Eagle,Kibbeh,17.75,celsius
Syrian Arab Republic,,,,,,,,,,,,,124.41,,,,,,,
Taiwan,TW,Taipei,25.3002899,21.89660693,122.0067398,119.534691,Asia,Eastern Asia,"Ami,Atayal,Hakka,Mandarin Chinese,Min,Paiwan",36188,"1,150m",22256000,,Taiwan Dollar,TWD,,,Beef noodle soup,,
Tajikistan,TJ,Dushanbe,41.042252,36.674137,75.137222,67.387138,Asia,Southern and Central Asia,"Russian,Tadzhik,Uzbek",143100,"3,186m",6188000,58.64,Tajik Somoni,TJS,,,O'sh (pilaf),2,celsius
Tanzania,TZ,Dodoma,-0.990736,-11.745696,40.443222,29.327168,Africa,Eastern Africa,"Chaga and Pare,Gogo,Ha,Haya,Hehet,Luguru,Makonde,Nyakusa,Nyamwesi,Shambala,Swahili",883749,"1,018m",33517000,55.6,Tanzanian Shilling,TZS,,,Ugali,22.35,celsius
Thailand,TH,Bangkok,20.463194,5.61,105.639389,97.345642,Asia,Southeast Asia,"Chinese,Khmer,Kuy,Lao,Malay,Thai",513115,287m,61399000,131.16,Thai Baht,THB,,,"Pad Thai, Tom Yum Goong",26.3,celsius
The Democratic Republic of the Congo,,,,,,,,,,2344858,,51654000,,,,,,,,
The Gambia,,,,,,,,,,,,,,,,,,,27.5,celsius
Timor-Leste,,,,,,,,,,,,,79.24,,,,,,,
Togo,TG,Lom,11.138977,6.104417,1.806693,-0.147324,Africa,Western Africa,"Ane,Ewe,Gurma,Kaby��_��__��_��__,Kotokoli,Moba,Naudemba,Watyi",56785,236m,4629000,125.34,CFA Franc BCEAO,XOF,,,,27.15,celsius
Tokelau,TK,Fakaofo,-8.553613663,-9.381111145,-171.2114258,-172.5003357,Oceania,Polynesia,"English,Tokelau",12,,2000,,New Zealand Dollar,NZD,,,,,
Tonga,TO,Nuku'alofa,-15.562988,-21.455057,-173.907578,-175.682266,Oceania,Polynesia,"English,Tongan",650,,99000,146.28,Tongan Pa'anga,TOP,,,,25.25,celsius
Trinidad and Tobago,TT,Port-of-Spain,11.338342,10.036105,-60.517933,-61.923771,North America,Caribbean,"Creole English,English,Hindi",5130,83m,1295000,261.43,Trinidad and Tobago Dollar,TTD,,,"Callaloo,Doubles",25.75,celsius
"Tula, Russia",,,,,,,,,,,,,,,,,,Tula gingerbread,,
Tunisia,TN,Tunis,37.543915,30.240417,11.598278,7.524833,Africa,Northern Africa,"Arabic,Arabic-French,Arabic-French-English",163610,246m,9586000,70.07,Tunisian Dollar,TND,,,"Couscous, Kabkabou",19.2,celsius
Turkey,TR,Ankara,42.107613,35.815418,44.834999,25.668501,Asia,Middle East,"Arabic,Kurdish,Turkish",774815,"1,132m",66591000,97.36,Turkish Lira,TRY,Other,Crescent & Star,"D�_ner kebab, Kuru fasulye with pilav",11.1,celsius
Turkmenistan,TM,Ashgabat,42.795555,35.141083,66.684303,52.441444,Asia,Southern and Central Asia,"Kazakh,Russian,Turkmenian,Uzbek",488100,230m,4459000,11.15,Manat,TMT,,,Palaw,15.1,celsius
Turks and Caicos Island,,,,,,,,,,,,,, US Dollar,USD,,,,,
Turks and Caicos Islands,TC,Cockburn Town,21.961878,21.422626,-71.123642,-72.483871,North America,Caribbean,English,430,,17000,34.84,,,,,,,
Tuvalu,TV,Funafuti,-5.641972,-10.801169,179.863281,176.064865,Oceania,Polynesia,"English,Kiribati,Tuvalu",26,,12000,329.2,Australian Dollar,AUD,,,,28,celsius
U.K. ,,,,,,,,,,,,,,Pound Sterling,GBP,,,,,
U.S. Minor Outlying Islands,,,28.219814,-0.389006,166.654526,-177.392029,,,,,,,,,,,,,,
U.S. Virgin Islands,,,18.415382,17.673931,-64.565193,-65.101333,,,,347,,,,,,,,,,
U.S.A.,,,,,,,,,,,,,,,,Flower,Rose,,,
Uganda,UG,Kampala,4.214427,-1.48405,35.036049,29.573252,Africa,Eastern Africa,"Acholi,Ganda,Gisu,Kiga,Lango,Lugbara,Nkole,Rwanda,Soga,Teso",241038,,21778000,188.07,Uganda Shilling,UGX,,,Matoke,22.8,celsius
Ukraine,UA,Kyiv,52.369362,44.390415,40.20739,22.128889,Europe,Eastern Europe,"Belorussian,Bulgariana,Hungarian,Polish,Romanian,Russian,Ukrainian",603700,175m,50456000,78.52,Ukraine Hryvnia,UAH,,,"Borscht, Varenyky ",8.3,celsius
United Arab Emirates,AE,Abu Dhabi,26.08415985,22.63332939,56.38166046,51.58332825,Asia,Middle East,"Arabic,Hindi",83600,149m,2441000,111.8,Arab Emirates Dirham,AED,,,,27,celsius
United Kingdom,GB,London,59.360249,49.906193,1.759,-8.623555,Europe,British Isles,"English,Gaeli,Kymri",242900,162m,59623400,264.94,,,,,"Fish and chips,Chicken tikka masala (Indian-British curry)",8.45,celsius
United States,US,Washington,49.388611,24.544245,-66.954811,-124.733253,North America,North America,"Chinese,English,French,German,Italian,Japanese,Korean,Polish,Portuguese,Spanish,Tagalog,Vietnamese",9363520,760m,278357000,34.56, US Dollar,USD,,,"Hamburger, Hot dog, Fried chicken, Buffalo wings, Apple pie",8.55,celsius
United States Minor Outlying Islands,UM,,,,,,Oceania,Micronesia/Caribbean,English,16,,,,,,,,,,
United States Virgin Islands,VI,,,,,,North America,Caribbean,,,,93000,,,,,,Fish and Fungi,,
Uruguay,UY,Montevideo,-30.082224,-34.980816,-53.073933,-58.442722,South America,South America,Spanish,175016,109m,3337000,19.47,Uruguayan Peso,UYU,,,"Asado, Chivito",17.55,celsius
USA,,,,,,,,,,,,,,US Dollar,USD,,,,,
USA Minor Outlying Islands,,,,,,,,,,,,,,US Dollar,USD,,,,,
Uzbekistan,UZ,Toskent,45.575001,37.184444,73.132278,55.996639,Asia,Southern and Central Asia,"Karakalpak,Kazakh,Russian,Tadzhik,Tatar,Uzbek",447400,,24318000,71.09,Uzbekistan Sum,UZS,,,O'sh,12.05,celsius
Valencian Community,,,,,,,,,,,,,,,,,,Paella,,
Vanuatu,VU,Port-Vila,-13.073444,-20.248945,169.904785,166.524979,Oceania,Melanesia,"Bislama,English,French",12189,,190000,20.74,Vanuatu Vatu,VUV,,,Lap lap,23.95,celsius
Vatican,,,,,,,,,,,,,, Euro,EUR,,,,,
Vatican City,,,41.90743831,41.9002796,12.45837547,12.44570678,,,,,,,,,,,,,,
Venezuela,VE,Caracas,12.201903,0.626311,-59.80378,-73.354073,South America,South America,"Goajiro,Spanish,Warrau",912050,450m,24170000,,Venezuelan Bolivar,VEF,,,Pabell��__n criollo,25.35,celsius
"Venezuela, RB",,,,,,,,,,,,,34.47,,,,,,,
Vietnam,VN,Hanoi,23.388834,8.559611,109.464638,102.148224,Asia,Southeast Asia,"Chinese,Khmer,Man,Miao,Muong,Nung,Thai,Tho,Vietnamese",331689,398m,79832000,289.32,Vietnamese Dong,VND,,,"Ph��_��_��_, B�_n b��__ Hu��_��_��_",24.45,celsius
Virgin Islands (British) ,,,,,,,,,,,,,,US Dollar,USD,,,,,
Virgin Islands (U.S.),,,,,,,,,,,,,299.25,,,,,,,
Virgin Islands (USA) ,,,,,,,,,,,,,,US Dollar,USD,,,,,
"Virgin Islands, British",,Road Town,,,,,,,English,,,,,,,,,,,
"Virgin Islands, U.S.",,Charlotte Amalie,,,,,,,"English,French,Spanish",,,,,,,,,,,
Wales,,Cardiff,,,,,,,,,,,,,,animal,Dragon,Cawl,,
Wallis and Futuna,WF,Mata-Utu,-13.21675818,-14.31455999,-176.1617432,-178.1848113,Oceania,Polynesia,"Futuna,Wallis",200,,15000,,,,,,,,
Wallis and Futuna Islands,,,,,,,,,,,,,,CFP Franc,XPF,,,,,
West Bank and Gaza,,,,,,,,,,,,,692.61,,,,,,,
Western Sahara,EH,El-Aai,27.669674,20.774158,-8.670276,-17.103182,Africa,Northern Africa,Arabic,266000,256m,293000,,Moroccan Dirham,MAD,,,,,
Yemen,YE,Sanaa,18.9999989,12.11109103,54.53053882,42.53253943,Asia,Middle East,"Arabic,Soqutri",527968,999m,18112000,,Yemeni Rial,YER,,,Saltah,23.85,celsius
"Yemen, Rep.",,,,,,,,,,,,,46.23,,,,,,,
Yugoslavia,YU,Beograd,,,,,Europe,Southern Europe,"Albaniana,Hungarian,Macedonian,Romani,Serbo-Croatian,Slovak",102173,,10640000,,,,,,,,
Zambia,ZM,Lusaka,-8.22436,-18.079473,33.705704,21.999371,Africa,Eastern Africa,"Bemba,Chewa,Lozi,Nsenga,Nyanja,Tongan",752618,"1,138m",9169000,19.56,Zambian Kwacha,ZMW,,,,21.4,celsius
Zimbabwe,ZW,Harare,-15.608835,-22.417738,33.056305,25.237028,Africa,Eastern Africa,"English,Ndebele,Nyanja,Shona",390757,961m,11669000,36.58,Zimbabwe Dollar,ZWD,,,Sadza,21,
